product_name,product_price,image_url,mega_category,main_category,sub_category,mega_category_url,main_category_url,sub_category_url
Frost LED nattlampa,189.0,https://mymall.se/inredning-mobler/barnrummet/belysning/frost-led-nattlampa-628e52991f22d,Inredning & Möbler,Barnrummet,Belysning,https://mymall.se/inredning-mobler,https://mymall.se/inredning-mobler/barnrummet,https://mymall.se/inredning-mobler/barnrummet/belysning
Paw Patrol LED Nattlampa,199.0,https://mymall.se/inredning-mobler/barnrummet/belysning/paw-patrol-led-nattlampa-627e24dd4742b,Inredning & Möbler,Barnrummet,Belysning,https://mymall.se/inredning-mobler,https://mymall.se/inredning-mobler/barnrummet,https://mymall.se/inredning-mobler/barnrummet/belysning
Lampa - Karamell björn,329.0,https://mymall.se/inredning-mobler/barnrummet/belysning/lampa-karamell-bjrn-1304-111583,Inredning & Möbler,Barnrummet,Belysning,https://mymall.se/inredning-mobler,https://mymall.se/inredning-mobler/barnrummet,https://mymall.se/inredning-mobler/barnrummet/belysning
Lampa - Blå björn,329.0,https://mymall.se/inredning-mobler/barnrummet/belysning/lampa-bl-bjrn-1304-111582,Inredning & Möbler,Barnrummet,Belysning,https://mymall.se/inredning-mobler,https://mymall.se/inredning-mobler/barnrummet,https://mymall.se/inredning-mobler/barnrummet/belysning
Lampa - Rosa björn,329.0,https://mymall.se/inredning-mobler/barnrummet/belysning/lampa-rosa-bjrn-1304-111581,Inredning & Möbler,Barnrummet,Belysning,https://mymall.se/inredning-mobler,https://mymall.se/inredning-mobler/barnrummet,https://mymall.se/inredning-mobler/barnrummet/belysning
Rött hjärta med LED,109.0,https://mymall.se/inredning-mobler/barnrummet/belysning/rott-hjarta-med-led-623ad2472d1db,Inredning & Möbler,Barnrummet,Belysning,https://mymall.se/inredning-mobler,https://mymall.se/inredning-mobler/barnrummet,https://mymall.se/inredning-mobler/barnrummet/belysning
Månlampa mysbelysning 3D printad 8/12 cm,139.0,https://mymall.se/inredning-mobler/barnrummet/belysning/manlampa-mysbelysning-3d-printad-812-cm-622daeb47d045,Inredning & Möbler,Barnrummet,Belysning,https://mymall.se/inredning-mobler,https://mymall.se/inredning-mobler/barnrummet,https://mymall.se/inredning-mobler/barnrummet/belysning
Nattlampa - Hund,429.0,https://mymall.se/inredning-mobler/barnrummet/belysning/nattlampa-hund-1304-114108,Inredning & Möbler,Barnrummet,Belysning,https://mymall.se/inredning-mobler,https://mymall.se/inredning-mobler/barnrummet,https://mymall.se/inredning-mobler/barnrummet/belysning
Lampa - Mint björn,329.0,https://mymall.se/inredning-mobler/barnrummet/belysning/lampa-mint-bjrn-1304-114814,Inredning & Möbler,Barnrummet,Belysning,https://mymall.se/inredning-mobler,https://mymall.se/inredning-mobler/barnrummet,https://mymall.se/inredning-mobler/barnrummet/belysning
Taklampa - Citroner,1249.0,https://mymall.se/inredning-mobler/barnrummet/belysning/taklampa-citroner-1304-93438,Inredning & Möbler,Barnrummet,Belysning,https://mymall.se/inredning-mobler,https://mymall.se/inredning-mobler/barnrummet,https://mymall.se/inredning-mobler/barnrummet/belysning
The Avengers Iron Man - LED-ficklampa 9 cm,89.0,https://mymall.se/inredning-mobler/barnrummet/belysning/the-avengers-iron-man-led-ficklampa-9-cm-1493-20762,Inredning & Möbler,Barnrummet,Belysning,https://mymall.se/inredning-mobler,https://mymall.se/inredning-mobler/barnrummet,https://mymall.se/inredning-mobler/barnrummet/belysning
The Avengers Captain America - LED-ficklampa 9 cm,89.0,https://mymall.se/inredning-mobler/barnrummet/belysning/the-avengers-captain-america-led-ficklampa-9-cm-1493-20764,Inredning & Möbler,Barnrummet,Belysning,https://mymall.se/inredning-mobler,https://mymall.se/inredning-mobler/barnrummet,https://mymall.se/inredning-mobler/barnrummet/belysning
Disney Frozen LED-ficklampa 9 cm  - Blå,89.0,https://mymall.se/inredning-mobler/barnrummet/belysning/disney-frozen-led-ficklampa-9-cm-bl-1493-20770,Inredning & Möbler,Barnrummet,Belysning,https://mymall.se/inredning-mobler,https://mymall.se/inredning-mobler/barnrummet,https://mymall.se/inredning-mobler/barnrummet/belysning
Disney Musse Pigg - LED-ficklampa 9 cm  - Blå,89.0,https://mymall.se/inredning-mobler/barnrummet/belysning/disney-musse-pigg-led-ficklampa-9-cm-bl-1493-20773,Inredning & Möbler,Barnrummet,Belysning,https://mymall.se/inredning-mobler,https://mymall.se/inredning-mobler/barnrummet,https://mymall.se/inredning-mobler/barnrummet/belysning
Disney Musse Pigg - LED-ficklampa 9 cm  - Röd,89.0,https://mymall.se/inredning-mobler/barnrummet/belysning/disney-musse-pigg-led-ficklampa-9-cm-rd-1493-20774,Inredning & Möbler,Barnrummet,Belysning,https://mymall.se/inredning-mobler,https://mymall.se/inredning-mobler/barnrummet,https://mymall.se/inredning-mobler/barnrummet/belysning
Disney Mimmi Pigg - LED-ficklampa 9 cm  - Vit,99.0,https://mymall.se/inredning-mobler/barnrummet/belysning/disney-mimmi-pigg-led-ficklampa-9-cm-vit-1493-20775,Inredning & Möbler,Barnrummet,Belysning,https://mymall.se/inredning-mobler,https://mymall.se/inredning-mobler/barnrummet,https://mymall.se/inredning-mobler/barnrummet/belysning
Disney Mimmi Pigg - LED-ficklampa 9 cm  - Röd,89.0,https://mymall.se/inredning-mobler/barnrummet/belysning/disney-mimmi-pigg-led-ficklampa-9-cm-rd-1493-20776,Inredning & Möbler,Barnrummet,Belysning,https://mymall.se/inredning-mobler,https://mymall.se/inredning-mobler/barnrummet,https://mymall.se/inredning-mobler/barnrummet/belysning
Disney Mimmi Pigg - LED-ficklampa 9 cm  - Röd,99.0,https://mymall.se/inredning-mobler/barnrummet/belysning/disney-mimmi-pigg-led-ficklampa-9-cm-rd-1493-20777,Inredning & Möbler,Barnrummet,Belysning,https://mymall.se/inredning-mobler,https://mymall.se/inredning-mobler/barnrummet,https://mymall.se/inredning-mobler/barnrummet/belysning
Disney Mimmi Pigg - LED-ficklampa 9 cm  - Rosa,99.0,https://mymall.se/inredning-mobler/barnrummet/belysning/disney-mimmi-pigg-led-ficklampa-9-cm-rosa-1493-20778,Inredning & Möbler,Barnrummet,Belysning,https://mymall.se/inredning-mobler,https://mymall.se/inredning-mobler/barnrummet,https://mymall.se/inredning-mobler/barnrummet/belysning
Disney Frozen Ficklampa 17 cm  - Blå,99.0,https://mymall.se/inredning-mobler/barnrummet/belysning/disney-frozen-ficklampa-17-cm-bl-1493-20779,Inredning & Möbler,Barnrummet,Belysning,https://mymall.se/inredning-mobler,https://mymall.se/inredning-mobler/barnrummet,https://mymall.se/inredning-mobler/barnrummet/belysning
Disney Mimmi Pigg - Mini LED Lampa - Rosa,149.0,https://mymall.se/inredning-mobler/barnrummet/belysning/disney-mimmi-pigg-mini-led-lampa-rosa-1493-20782,Inredning & Möbler,Barnrummet,Belysning,https://mymall.se/inredning-mobler,https://mymall.se/inredning-mobler/barnrummet,https://mymall.se/inredning-mobler/barnrummet/belysning
Paw Patrol 2in1 Projektor/Nattlampa,149.0,https://mymall.se/inredning-mobler/barnrummet/belysning/paw-patrol-2in1-projektornattlampa-1493-20784,Inredning & Möbler,Barnrummet,Belysning,https://mymall.se/inredning-mobler,https://mymall.se/inredning-mobler/barnrummet,https://mymall.se/inredning-mobler/barnrummet/belysning
Disney Mimmi Pigg - 2in1 Projektor/Nattlampa,149.0,https://mymall.se/inredning-mobler/barnrummet/belysning/disney-mimmi-pigg-2in1-projektornattlampa-1493-20787,Inredning & Möbler,Barnrummet,Belysning,https://mymall.se/inredning-mobler,https://mymall.se/inredning-mobler/barnrummet,https://mymall.se/inredning-mobler/barnrummet/belysning
Greta Gris Nattlampa,99.0,https://mymall.se/inredning-mobler/barnrummet/belysning/greta-gris-nattlampa-1493-20789,Inredning & Möbler,Barnrummet,Belysning,https://mymall.se/inredning-mobler,https://mymall.se/inredning-mobler/barnrummet,https://mymall.se/inredning-mobler/barnrummet/belysning
Ljusslinga - stjärnor - smallstuff,199.0,https://mymall.se/inredning-mobler/barnrummet/belysning/ljusslinga-stjrnor-smallstuff-1528-f1c5790,Inredning & Möbler,Barnrummet,Belysning,https://mymall.se/inredning-mobler,https://mymall.se/inredning-mobler/barnrummet,https://mymall.se/inredning-mobler/barnrummet/belysning
Nattlampa - Kanin - Diinglisar,259.0,https://mymall.se/inredning-mobler/barnrummet/belysning/nattlampa-kanin-diinglisar-1528-f1c5875,Inredning & Möbler,Barnrummet,Belysning,https://mymall.se/inredning-mobler,https://mymall.se/inredning-mobler/barnrummet,https://mymall.se/inredning-mobler/barnrummet/belysning
Nattlampa - Pirat - Aloka,499.0,https://mymall.se/inredning-mobler/barnrummet/belysning/nattlampa-pirat-aloka-1528-f1c6352,Inredning & Möbler,Barnrummet,Belysning,https://mymall.se/inredning-mobler,https://mymall.se/inredning-mobler/barnrummet,https://mymall.se/inredning-mobler/barnrummet/belysning
Nattlampa - Brandbil - Aloka,499.0,https://mymall.se/inredning-mobler/barnrummet/belysning/nattlampa-brandbil-aloka-1528-f1c6441,Inredning & Möbler,Barnrummet,Belysning,https://mymall.se/inredning-mobler,https://mymall.se/inredning-mobler/barnrummet,https://mymall.se/inredning-mobler/barnrummet/belysning
Nattlampa - Sweet Girl - Djeco,499.0,https://mymall.se/inredning-mobler/barnrummet/belysning/nattlampa-sweet-girl-djeco-1528-f1c6636,Inredning & Möbler,Barnrummet,Belysning,https://mymall.se/inredning-mobler,https://mymall.se/inredning-mobler/barnrummet,https://mymall.se/inredning-mobler/barnrummet/belysning
Nattlampa - Bunny Baby Rabbit Vit,849.0,https://mymall.se/inredning-mobler/barnrummet/belysning/nattlampa-bunny-baby-rabbit-vit-1528-f1c10348,Inredning & Möbler,Barnrummet,Belysning,https://mymall.se/inredning-mobler,https://mymall.se/inredning-mobler/barnrummet,https://mymall.se/inredning-mobler/barnrummet/belysning
Nattlampa - Elefant - Rosa,669.0,https://mymall.se/inredning-mobler/barnrummet/belysning/nattlampa-elefant-rosa-1528-f1c10595,Inredning & Möbler,Barnrummet,Belysning,https://mymall.se/inredning-mobler,https://mymall.se/inredning-mobler/barnrummet,https://mymall.se/inredning-mobler/barnrummet/belysning
Ljusslinga Prickig Turkos,339.0,https://mymall.se/inredning-mobler/barnrummet/belysning/ljusslinga-prickig-turkos-1528-f1c11089,Inredning & Möbler,Barnrummet,Belysning,https://mymall.se/inredning-mobler,https://mymall.se/inredning-mobler/barnrummet,https://mymall.se/inredning-mobler/barnrummet/belysning
Nattlampa - Uggla - LumiPets,399.0,https://mymall.se/inredning-mobler/barnrummet/belysning/nattlampa-uggla-lumipets-1528-f1c15420,Inredning & Möbler,Barnrummet,Belysning,https://mymall.se/inredning-mobler,https://mymall.se/inredning-mobler/barnrummet,https://mymall.se/inredning-mobler/barnrummet/belysning
Nattlampa - Tiger - A Little Lovely Company,199.0,https://mymall.se/inredning-mobler/barnrummet/belysning/nattlampa-tiger-a-little-lovely-company-1528-f1c26778,Inredning & Möbler,Barnrummet,Belysning,https://mymall.se/inredning-mobler,https://mymall.se/inredning-mobler/barnrummet,https://mymall.se/inredning-mobler/barnrummet/belysning
Nattlampa - Bambi - Djeco,499.0,https://mymall.se/inredning-mobler/barnrummet/belysning/nattlampa-bambi-djeco-1528-f1c27074,Inredning & Möbler,Barnrummet,Belysning,https://mymall.se/inredning-mobler,https://mymall.se/inredning-mobler/barnrummet,https://mymall.se/inredning-mobler/barnrummet/belysning
Nattlampa - Sovande moln - A Little Lovely Company,179.0,https://mymall.se/inredning-mobler/barnrummet/belysning/nattlampa-sovande-moln-a-little-lovely-company-1528-f1c32105,Inredning & Möbler,Barnrummet,Belysning,https://mymall.se/inredning-mobler,https://mymall.se/inredning-mobler/barnrummet,https://mymall.se/inredning-mobler/barnrummet/belysning
Nattlampa - Sovande stjärna - A Little Lovely Company,179.0,https://mymall.se/inredning-mobler/barnrummet/belysning/nattlampa-sovande-stjrna-a-little-lovely-company-1528-f1c32109,Inredning & Möbler,Barnrummet,Belysning,https://mymall.se/inredning-mobler,https://mymall.se/inredning-mobler/barnrummet,https://mymall.se/inredning-mobler/barnrummet/belysning
"Vägglampa Måne, Roommate",599.0,https://mymall.se/inredning-mobler/barnrummet/belysning/vgglampa-mne-roommate-1528-f1c32359,Inredning & Möbler,Barnrummet,Belysning,https://mymall.se/inredning-mobler,https://mymall.se/inredning-mobler/barnrummet,https://mymall.se/inredning-mobler/barnrummet/belysning
"Vägglampa Stjärna, Roommate",599.0,https://mymall.se/inredning-mobler/barnrummet/belysning/vgglampa-stjrna-roommate-1528-f1c32360,Inredning & Möbler,Barnrummet,Belysning,https://mymall.se/inredning-mobler,https://mymall.se/inredning-mobler/barnrummet,https://mymall.se/inredning-mobler/barnrummet/belysning
"Vägglampa Robot, Roommate",599.0,https://mymall.se/inredning-mobler/barnrummet/belysning/vgglampa-robot-roommate-1528-f1c32361,Inredning & Möbler,Barnrummet,Belysning,https://mymall.se/inredning-mobler,https://mymall.se/inredning-mobler/barnrummet,https://mymall.se/inredning-mobler/barnrummet/belysning
"Vägglampa kanin, Roommate",599.0,https://mymall.se/inredning-mobler/barnrummet/belysning/vgglampa-kanin-roommate-1528-f1c32363,Inredning & Möbler,Barnrummet,Belysning,https://mymall.se/inredning-mobler,https://mymall.se/inredning-mobler/barnrummet,https://mymall.se/inredning-mobler/barnrummet/belysning
Verk Group Nattlampa i silikon - Pingvin,149.0,https://mymall.se/inredning-mobler/barnrummet/belysning/verk-group-nattlampa-i-silikon-pingvin-1493-22037,Inredning & Möbler,Barnrummet,Belysning,https://mymall.se/inredning-mobler,https://mymall.se/inredning-mobler/barnrummet,https://mymall.se/inredning-mobler/barnrummet/belysning
Verk Group Nattlampa i silikon - Kanin,149.0,https://mymall.se/inredning-mobler/barnrummet/belysning/verk-group-nattlampa-i-silikon-kanin-1493-22038,Inredning & Möbler,Barnrummet,Belysning,https://mymall.se/inredning-mobler,https://mymall.se/inredning-mobler/barnrummet,https://mymall.se/inredning-mobler/barnrummet/belysning
Verk Group Nattlampa i silikon - Ägg,149.0,https://mymall.se/inredning-mobler/barnrummet/belysning/verk-group-nattlampa-i-silikon-gg-1493-22039,Inredning & Möbler,Barnrummet,Belysning,https://mymall.se/inredning-mobler,https://mymall.se/inredning-mobler/barnrummet,https://mymall.se/inredning-mobler/barnrummet/belysning
Verk Group Nattlampa i silikon - Panda,149.0,https://mymall.se/inredning-mobler/barnrummet/belysning/verk-group-nattlampa-i-silikon-panda-1493-22040,Inredning & Möbler,Barnrummet,Belysning,https://mymall.se/inredning-mobler,https://mymall.se/inredning-mobler/barnrummet,https://mymall.se/inredning-mobler/barnrummet/belysning
Verk Group Nattlampa i silikon - Anka,149.0,https://mymall.se/inredning-mobler/barnrummet/belysning/verk-group-nattlampa-i-silikon-anka-1493-22041,Inredning & Möbler,Barnrummet,Belysning,https://mymall.se/inredning-mobler,https://mymall.se/inredning-mobler/barnrummet,https://mymall.se/inredning-mobler/barnrummet/belysning
Verk Group Nattlampa i silikon med fjärrkontroll - Pingvin,179.0,https://mymall.se/inredning-mobler/barnrummet/belysning/verk-group-nattlampa-i-silikon-med-fjrrkontroll-pingvin-1493-22043,Inredning & Möbler,Barnrummet,Belysning,https://mymall.se/inredning-mobler,https://mymall.se/inredning-mobler/barnrummet,https://mymall.se/inredning-mobler/barnrummet/belysning
Verk Group Laddningsbar nattlampa i silikon - Kanin,179.0,https://mymall.se/inredning-mobler/barnrummet/belysning/verk-group-laddningsbar-nattlampa-i-silikon-kanin-1493-22044,Inredning & Möbler,Barnrummet,Belysning,https://mymall.se/inredning-mobler,https://mymall.se/inredning-mobler/barnrummet,https://mymall.se/inredning-mobler/barnrummet/belysning
Verk Group Laddningsbar nattlampa i silikon - Ägg,179.0,https://mymall.se/inredning-mobler/barnrummet/belysning/verk-group-laddningsbar-nattlampa-i-silikon-gg-1493-22045,Inredning & Möbler,Barnrummet,Belysning,https://mymall.se/inredning-mobler,https://mymall.se/inredning-mobler/barnrummet,https://mymall.se/inredning-mobler/barnrummet/belysning
Verk Group Nattlampa i silikon med fjärrkontroll - Ägg,179.0,https://mymall.se/inredning-mobler/barnrummet/belysning/verk-group-nattlampa-i-silikon-med-fjrrkontroll-gg-1493-22046,Inredning & Möbler,Barnrummet,Belysning,https://mymall.se/inredning-mobler,https://mymall.se/inredning-mobler/barnrummet,https://mymall.se/inredning-mobler/barnrummet/belysning
Spargris - Björn,269.0,https://mymall.se/inredning-mobler/barnrummet/forvaring/spargris-bjrn-1304-108115,Inredning & Möbler,Barnrummet,Förvaring,https://mymall.se/inredning-mobler,https://mymall.se/inredning-mobler/barnrummet,https://mymall.se/inredning-mobler/barnrummet/forvaring
Spargris - Kanin,269.0,https://mymall.se/inredning-mobler/barnrummet/forvaring/spargris-kanin-1304-108114,Inredning & Möbler,Barnrummet,Förvaring,https://mymall.se/inredning-mobler,https://mymall.se/inredning-mobler/barnrummet,https://mymall.se/inredning-mobler/barnrummet/forvaring
MAILEG KORGAR ROSA SET,750.0,https://mymall.se/inredning-mobler/barnrummet/forvaring/maileg-korgar-rosa-set-620ccb556ba2a,Inredning & Möbler,Barnrummet,Förvaring,https://mymall.se/inredning-mobler,https://mymall.se/inredning-mobler/barnrummet,https://mymall.se/inredning-mobler/barnrummet/forvaring
Rund makeup organisatör arrangör organiserare,149.0,https://mymall.se/inredning-mobler/barnrummet/forvaring/rund-makeup-organisator-make-up-organiserare-622b9d29b7dd0,Inredning & Möbler,Barnrummet,Förvaring,https://mymall.se/inredning-mobler,https://mymall.se/inredning-mobler/barnrummet,https://mymall.se/inredning-mobler/barnrummet/forvaring
Strandväska - Liten - Mint,129.0,https://mymall.se/inredning-mobler/barnrummet/forvaring/strandvska-liten-mint-1304-114240,Inredning & Möbler,Barnrummet,Förvaring,https://mymall.se/inredning-mobler,https://mymall.se/inredning-mobler/barnrummet,https://mymall.se/inredning-mobler/barnrummet/forvaring
Strandväska - Liten - Sand,129.0,https://mymall.se/inredning-mobler/barnrummet/forvaring/strandvska-liten-sand-1304-114239,Inredning & Möbler,Barnrummet,Förvaring,https://mymall.se/inredning-mobler,https://mymall.se/inredning-mobler/barnrummet,https://mymall.se/inredning-mobler/barnrummet/forvaring
Strandväska - Liten - Blue,129.0,https://mymall.se/inredning-mobler/barnrummet/forvaring/strandvska-liten-blue-1304-114238,Inredning & Möbler,Barnrummet,Förvaring,https://mymall.se/inredning-mobler,https://mymall.se/inredning-mobler/barnrummet,https://mymall.se/inredning-mobler/barnrummet/forvaring
Strandväska - Liten - Karamell,129.0,https://mymall.se/inredning-mobler/barnrummet/forvaring/strandvska-liten-karamell-1304-114237,Inredning & Möbler,Barnrummet,Förvaring,https://mymall.se/inredning-mobler,https://mymall.se/inredning-mobler/barnrummet,https://mymall.se/inredning-mobler/barnrummet/forvaring
Strandväska - Liten - Rose,129.0,https://mymall.se/inredning-mobler/barnrummet/forvaring/strandvska-liten-rose-1304-114112,Inredning & Möbler,Barnrummet,Förvaring,https://mymall.se/inredning-mobler,https://mymall.se/inredning-mobler/barnrummet,https://mymall.se/inredning-mobler/barnrummet/forvaring
Fotoram med avtryck,249.0,https://mymall.se/inredning-mobler/barnrummet/forvaring/fotoram-med-avtryck-1304-114810,Inredning & Möbler,Barnrummet,Förvaring,https://mymall.se/inredning-mobler,https://mymall.se/inredning-mobler/barnrummet,https://mymall.se/inredning-mobler/barnrummet/forvaring
Väska - Enhörning,239.0,https://mymall.se/inredning-mobler/barnrummet/forvaring/vska-enhrning-1304-115143,Inredning & Möbler,Barnrummet,Förvaring,https://mymall.se/inredning-mobler,https://mymall.se/inredning-mobler/barnrummet,https://mymall.se/inredning-mobler/barnrummet/forvaring
Ryggsäck - Dinosaurie,239.0,https://mymall.se/inredning-mobler/barnrummet/forvaring/ryggsck-dinosaurie-1304-115135,Inredning & Möbler,Barnrummet,Förvaring,https://mymall.se/inredning-mobler,https://mymall.se/inredning-mobler/barnrummet,https://mymall.se/inredning-mobler/barnrummet/forvaring
Pennskrin - Blommor,149.0,https://mymall.se/inredning-mobler/barnrummet/forvaring/pennskrin-blommor-1304-114962,Inredning & Möbler,Barnrummet,Förvaring,https://mymall.se/inredning-mobler,https://mymall.se/inredning-mobler/barnrummet,https://mymall.se/inredning-mobler/barnrummet/forvaring
Pennskrin - Safari,149.0,https://mymall.se/inredning-mobler/barnrummet/forvaring/pennskrin-safari-1304-114961,Inredning & Möbler,Barnrummet,Förvaring,https://mymall.se/inredning-mobler,https://mymall.se/inredning-mobler/barnrummet,https://mymall.se/inredning-mobler/barnrummet/forvaring
Pennskrin - Dinosaurie,149.0,https://mymall.se/inredning-mobler/barnrummet/forvaring/pennskrin-dinosaurie-1304-114959,Inredning & Möbler,Barnrummet,Förvaring,https://mymall.se/inredning-mobler,https://mymall.se/inredning-mobler/barnrummet,https://mymall.se/inredning-mobler/barnrummet/forvaring
Pennskrin - Fjärilar,149.0,https://mymall.se/inredning-mobler/barnrummet/forvaring/pennskrin-fjrilar-1304-114958,Inredning & Möbler,Barnrummet,Förvaring,https://mymall.se/inredning-mobler,https://mymall.se/inredning-mobler/barnrummet,https://mymall.se/inredning-mobler/barnrummet/forvaring
Papplådor 2-pack rosa,279.0,https://mymall.se/inredning-mobler/barnrummet/forvaring/pappldor-2-pack-rosa-1304-9650,Inredning & Möbler,Barnrummet,Förvaring,https://mymall.se/inredning-mobler,https://mymall.se/inredning-mobler/barnrummet,https://mymall.se/inredning-mobler/barnrummet/forvaring
Förvaring - Mini - Mustard,69.0,https://mymall.se/inredning-mobler/barnrummet/forvaring/frvaring-mini-mustard-1304-93602,Inredning & Möbler,Barnrummet,Förvaring,https://mymall.se/inredning-mobler,https://mymall.se/inredning-mobler/barnrummet,https://mymall.se/inredning-mobler/barnrummet/forvaring
Fövaring - Midi -Mustard,129.0,https://mymall.se/inredning-mobler/barnrummet/forvaring/fvaring-midi-mustard-1304-93601,Inredning & Möbler,Barnrummet,Förvaring,https://mymall.se/inredning-mobler,https://mymall.se/inredning-mobler/barnrummet,https://mymall.se/inredning-mobler/barnrummet/forvaring
Förvaring - Midi - Almond,129.0,https://mymall.se/inredning-mobler/barnrummet/forvaring/frvaring-midi-almond-1304-36115,Inredning & Möbler,Barnrummet,Förvaring,https://mymall.se/inredning-mobler,https://mymall.se/inredning-mobler/barnrummet,https://mymall.se/inredning-mobler/barnrummet/forvaring
Förvaring - Midi - Coconut,129.0,https://mymall.se/inredning-mobler/barnrummet/forvaring/frvaring-midi-coconut-1304-36101,Inredning & Möbler,Barnrummet,Förvaring,https://mymall.se/inredning-mobler,https://mymall.se/inredning-mobler/barnrummet,https://mymall.se/inredning-mobler/barnrummet/forvaring
Förvaring - Mini - Babypink,69.0,https://mymall.se/inredning-mobler/barnrummet/forvaring/frvaring-mini-babypink-1304-34321,Inredning & Möbler,Barnrummet,Förvaring,https://mymall.se/inredning-mobler,https://mymall.se/inredning-mobler/barnrummet,https://mymall.se/inredning-mobler/barnrummet/forvaring
Förvaring - Midi - Taupe,129.0,https://mymall.se/inredning-mobler/barnrummet/forvaring/frvaring-midi-taupe-1304-34320,Inredning & Möbler,Barnrummet,Förvaring,https://mymall.se/inredning-mobler,https://mymall.se/inredning-mobler/barnrummet,https://mymall.se/inredning-mobler/barnrummet/forvaring
Förvaring - Midi - Boulder,129.0,https://mymall.se/inredning-mobler/barnrummet/forvaring/frvaring-midi-boulder-1304-32959,Inredning & Möbler,Barnrummet,Förvaring,https://mymall.se/inredning-mobler,https://mymall.se/inredning-mobler/barnrummet,https://mymall.se/inredning-mobler/barnrummet/forvaring
Förvaring - Midi - Yellow,129.0,https://mymall.se/inredning-mobler/barnrummet/forvaring/frvaring-midi-yellow-1304-32957,Inredning & Möbler,Barnrummet,Förvaring,https://mymall.se/inredning-mobler,https://mymall.se/inredning-mobler/barnrummet,https://mymall.se/inredning-mobler/barnrummet/forvaring
Förvaring - Mini - Warm taupe,69.0,https://mymall.se/inredning-mobler/barnrummet/forvaring/frvaring-mini-warm-taupe-1304-32921,Inredning & Möbler,Barnrummet,Förvaring,https://mymall.se/inredning-mobler,https://mymall.se/inredning-mobler/barnrummet,https://mymall.se/inredning-mobler/barnrummet/forvaring
Förvaring - Midi - Milk tea,129.0,https://mymall.se/inredning-mobler/barnrummet/forvaring/frvaring-midi-milk-tea-1304-32912,Inredning & Möbler,Barnrummet,Förvaring,https://mymall.se/inredning-mobler,https://mymall.se/inredning-mobler/barnrummet,https://mymall.se/inredning-mobler/barnrummet/forvaring
Mesh tote bag - Blue,79.0,https://mymall.se/inredning-mobler/barnrummet/forvaring/mesh-tote-bag-blue-1304-98501,Inredning & Möbler,Barnrummet,Förvaring,https://mymall.se/inredning-mobler,https://mymall.se/inredning-mobler/barnrummet,https://mymall.se/inredning-mobler/barnrummet/forvaring
Mesh tote bag - Tuscany rose,79.0,https://mymall.se/inredning-mobler/barnrummet/forvaring/mesh-tote-bag-tuscany-rose-1304-98499,Inredning & Möbler,Barnrummet,Förvaring,https://mymall.se/inredning-mobler,https://mymall.se/inredning-mobler/barnrummet,https://mymall.se/inredning-mobler/barnrummet/forvaring
Disney Frozen Anna & Elsa - Förvaringsbox 30x30x30cm - Lila,149.0,https://mymall.se/inredning-mobler/barnrummet/forvaring/disney-frozen-anna-elsa-frvaringsbox-30x30x30cm-lila-1493-20554,Inredning & Möbler,Barnrummet,Förvaring,https://mymall.se/inredning-mobler,https://mymall.se/inredning-mobler/barnrummet,https://mymall.se/inredning-mobler/barnrummet/forvaring
Förvaring - Midi - Orchid,129.0,https://mymall.se/inredning-mobler/barnrummet/forvaring/frvaring-midi-orchid-1304-113264,Inredning & Möbler,Barnrummet,Förvaring,https://mymall.se/inredning-mobler,https://mymall.se/inredning-mobler/barnrummet,https://mymall.se/inredning-mobler/barnrummet/forvaring
Förvaring - Midi - Ocean,129.0,https://mymall.se/inredning-mobler/barnrummet/forvaring/frvaring-midi-ocean-1304-113263,Inredning & Möbler,Barnrummet,Förvaring,https://mymall.se/inredning-mobler,https://mymall.se/inredning-mobler/barnrummet,https://mymall.se/inredning-mobler/barnrummet/forvaring
Förvaring - Mini - Ocean,69.0,https://mymall.se/inredning-mobler/barnrummet/forvaring/frvaring-mini-ocean-1304-113262,Inredning & Möbler,Barnrummet,Förvaring,https://mymall.se/inredning-mobler,https://mymall.se/inredning-mobler/barnrummet,https://mymall.se/inredning-mobler/barnrummet/forvaring
Förvaring - Midi - Teal,129.0,https://mymall.se/inredning-mobler/barnrummet/forvaring/frvaring-midi-teal-1304-113261,Inredning & Möbler,Barnrummet,Förvaring,https://mymall.se/inredning-mobler,https://mymall.se/inredning-mobler/barnrummet,https://mymall.se/inredning-mobler/barnrummet/forvaring
Förvaring - Mini - Teal,69.0,https://mymall.se/inredning-mobler/barnrummet/forvaring/frvaring-mini-teal-1304-113260,Inredning & Möbler,Barnrummet,Förvaring,https://mymall.se/inredning-mobler,https://mymall.se/inredning-mobler/barnrummet,https://mymall.se/inredning-mobler/barnrummet/forvaring
Förvaring - Midi - Tan,129.0,https://mymall.se/inredning-mobler/barnrummet/forvaring/frvaring-midi-tan-1304-113259,Inredning & Möbler,Barnrummet,Förvaring,https://mymall.se/inredning-mobler,https://mymall.se/inredning-mobler/barnrummet,https://mymall.se/inredning-mobler/barnrummet/forvaring
"Förvaringslåda, Lejon, 3 Sprouts",229.0,https://mymall.se/inredning-mobler/barnrummet/forvaring/frvaringslda-lejon-3-sprouts-1528-f1c39735,Inredning & Möbler,Barnrummet,Förvaring,https://mymall.se/inredning-mobler,https://mymall.se/inredning-mobler/barnrummet,https://mymall.se/inredning-mobler/barnrummet/forvaring
"Förvaringslåda, Elefant, 3 Sprouts",229.0,https://mymall.se/inredning-mobler/barnrummet/forvaring/frvaringslda-elefant-3-sprouts-1528-f1c39736,Inredning & Möbler,Barnrummet,Förvaring,https://mymall.se/inredning-mobler,https://mymall.se/inredning-mobler/barnrummet,https://mymall.se/inredning-mobler/barnrummet/forvaring
Förvaringslåda - Owl,229.0,https://mymall.se/inredning-mobler/barnrummet/forvaring/frvaringslda-owl-1528-f1c12615,Inredning & Möbler,Barnrummet,Förvaring,https://mymall.se/inredning-mobler,https://mymall.se/inredning-mobler/barnrummet,https://mymall.se/inredning-mobler/barnrummet/forvaring
Förvaringslåda - Hedgehog,229.0,https://mymall.se/inredning-mobler/barnrummet/forvaring/frvaringslda-hedgehog-1528-f1c12618,Inredning & Möbler,Barnrummet,Förvaring,https://mymall.se/inredning-mobler,https://mymall.se/inredning-mobler/barnrummet,https://mymall.se/inredning-mobler/barnrummet/forvaring
Förvaringsbox - Hippo,399.0,https://mymall.se/inredning-mobler/barnrummet/forvaring/frvaringsbox-hippo-1528-f1c12702,Inredning & Möbler,Barnrummet,Förvaring,https://mymall.se/inredning-mobler,https://mymall.se/inredning-mobler/barnrummet,https://mymall.se/inredning-mobler/barnrummet/forvaring
Krokar - Ballong - rosa,219.0,https://mymall.se/inredning-mobler/barnrummet/forvaring/krokar-ballong-rosa-1528-f1c14546,Inredning & Möbler,Barnrummet,Förvaring,https://mymall.se/inredning-mobler,https://mymall.se/inredning-mobler/barnrummet,https://mymall.se/inredning-mobler/barnrummet/forvaring
Förvaringsbox -  Rhino,329.0,https://mymall.se/inredning-mobler/barnrummet/forvaring/frvaringsbox-rhino-1528-f1c14642,Inredning & Möbler,Barnrummet,Förvaring,https://mymall.se/inredning-mobler,https://mymall.se/inredning-mobler/barnrummet,https://mymall.se/inredning-mobler/barnrummet/forvaring
Iso Trade Tvättkorg/Förvaringskorg för barnrum,89.0,https://mymall.se/inredning-mobler/barnrummet/forvaring/iso-trade-tvttkorgfrvaringskorg-fr-barnrum-1493-21803,Inredning & Möbler,Barnrummet,Förvaring,https://mymall.se/inredning-mobler,https://mymall.se/inredning-mobler/barnrummet,https://mymall.se/inredning-mobler/barnrummet/forvaring
Förvaring Stoja,59.0,https://mymall.se/inredning-mobler/barnrummet/forvaring/frvaring-stoja-1578-64,Inredning & Möbler,Barnrummet,Förvaring,https://mymall.se/inredning-mobler,https://mymall.se/inredning-mobler/barnrummet,https://mymall.se/inredning-mobler/barnrummet/forvaring
Förvaring Stoja,59.0,https://mymall.se/inredning-mobler/barnrummet/forvaring/frvaring-stoja-1578-65,Inredning & Möbler,Barnrummet,Förvaring,https://mymall.se/inredning-mobler,https://mymall.se/inredning-mobler/barnrummet,https://mymall.se/inredning-mobler/barnrummet/forvaring
Förvaring Stoja,59.0,https://mymall.se/inredning-mobler/barnrummet/forvaring/frvaring-stoja-1578-66,Inredning & Möbler,Barnrummet,Förvaring,https://mymall.se/inredning-mobler,https://mymall.se/inredning-mobler/barnrummet,https://mymall.se/inredning-mobler/barnrummet/forvaring
Förvaring i tyg,89.0,https://mymall.se/inredning-mobler/barnrummet/forvaring/frvaring-i-tyg-1578-67,Inredning & Möbler,Barnrummet,Förvaring,https://mymall.se/inredning-mobler,https://mymall.se/inredning-mobler/barnrummet,https://mymall.se/inredning-mobler/barnrummet/forvaring
Ljusförvaring,229.0,https://mymall.se/inredning-mobler/barnrummet/forvaring/ljusfrvaring-1578-193,Inredning & Möbler,Barnrummet,Förvaring,https://mymall.se/inredning-mobler,https://mymall.se/inredning-mobler/barnrummet,https://mymall.se/inredning-mobler/barnrummet/forvaring
Väska - Rosa,139.0,https://mymall.se/inredning-mobler/barnrummet/forvaring/vska-rosa-1304-110330,Inredning & Möbler,Barnrummet,Förvaring,https://mymall.se/inredning-mobler,https://mymall.se/inredning-mobler/barnrummet,https://mymall.se/inredning-mobler/barnrummet/forvaring
Reflexväst XS,59.0,https://mymall.se/inredning-mobler/barnrummet/hemsakerhet/reflexvst-xs-1528-f1c5719,Inredning & Möbler,Barnrummet,Hemsäkerhet,https://mymall.se/inredning-mobler,https://mymall.se/inredning-mobler/barnrummet,https://mymall.se/inredning-mobler/barnrummet/hemsakerhet
"REER, Dörrstopp med gummifötter",89.0,https://mymall.se/inredning-mobler/barnrummet/hemsakerhet/reer-drrstopp-med-gummiftter-1528-f1c9100,Inredning & Möbler,Barnrummet,Hemsäkerhet,https://mymall.se/inredning-mobler,https://mymall.se/inredning-mobler/barnrummet,https://mymall.se/inredning-mobler/barnrummet/hemsakerhet
Flexi Fit grind  trä/silver,749.0,https://mymall.se/inredning-mobler/barnrummet/hemsakerhet/flexi-fit-grind-trsilver-1103-55012-5700-10,Inredning & Möbler,Barnrummet,Hemsäkerhet,https://mymall.se/inredning-mobler,https://mymall.se/inredning-mobler/barnrummet,https://mymall.se/inredning-mobler/barnrummet/hemsakerhet
Flexi Fit grind  metall vit,749.0,https://mymall.se/inredning-mobler/barnrummet/hemsakerhet/flexi-fit-grind-metall-vit-1103-55114-5400-10,Inredning & Möbler,Barnrummet,Hemsäkerhet,https://mymall.se/inredning-mobler,https://mymall.se/inredning-mobler/barnrummet,https://mymall.se/inredning-mobler/barnrummet/hemsakerhet
FLEX XL 90-278 cm  vit,1599.0,https://mymall.se/inredning-mobler/barnrummet/hemsakerhet/flex-xl-90-278-cm-vit-1103-56814-10400-10,Inredning & Möbler,Barnrummet,Hemsäkerhet,https://mymall.se/inredning-mobler,https://mymall.se/inredning-mobler/barnrummet,https://mymall.se/inredning-mobler/barnrummet/hemsakerhet
FLEX XXL Rumsavdelare  vit,1599.0,https://mymall.se/inredning-mobler/barnrummet/hemsakerhet/flex-xxl-rumsavdelare-vit-1103-56824-10400-10,Inredning & Möbler,Barnrummet,Hemsäkerhet,https://mymall.se/inredning-mobler,https://mymall.se/inredning-mobler/barnrummet,https://mymall.se/inredning-mobler/barnrummet/hemsakerhet
MultiDan metall  vit,599.0,https://mymall.se/inredning-mobler/barnrummet/hemsakerhet/multidan-metall-vit-1103-57314-5400-04,Inredning & Möbler,Barnrummet,Hemsäkerhet,https://mymall.se/inredning-mobler,https://mymall.se/inredning-mobler/barnrummet,https://mymall.se/inredning-mobler/barnrummet/hemsakerhet
Förlängning till Premier Vit,239.0,https://mymall.se/inredning-mobler/barnrummet/hemsakerhet/frlngning-till-premier-vit-1103-58014-5400-10,Inredning & Möbler,Barnrummet,Hemsäkerhet,https://mymall.se/inredning-mobler,https://mymall.se/inredning-mobler/barnrummet,https://mymall.se/inredning-mobler/barnrummet/hemsakerhet
Förlängning till Guard Me  vit,259.0,https://mymall.se/inredning-mobler/barnrummet/hemsakerhet/frlngning-till-guard-me-vit-1103-58024-5400-12,Inredning & Möbler,Barnrummet,Hemsäkerhet,https://mymall.se/inredning-mobler,https://mymall.se/inredning-mobler/barnrummet,https://mymall.se/inredning-mobler/barnrummet/hemsakerhet
Dörrstopp,99.0,https://mymall.se/inredning-mobler/barnrummet/hemsakerhet/drrstopp-1103-601000,Inredning & Möbler,Barnrummet,Hemsäkerhet,https://mymall.se/inredning-mobler,https://mymall.se/inredning-mobler/barnrummet,https://mymall.se/inredning-mobler/barnrummet/hemsakerhet
Premier Pressure grind  vit,849.0,https://mymall.se/inredning-mobler/barnrummet/hemsakerhet/premier-pressure-grind-vit-1103-60114-5491-01,Inredning & Möbler,Barnrummet,Hemsäkerhet,https://mymall.se/inredning-mobler,https://mymall.se/inredning-mobler/barnrummet,https://mymall.se/inredning-mobler/barnrummet/hemsakerhet
Låd och skåpregel,69.0,https://mymall.se/inredning-mobler/barnrummet/hemsakerhet/ld-och-skpregel-1103-601200,Inredning & Möbler,Barnrummet,Hemsäkerhet,https://mymall.se/inredning-mobler,https://mymall.se/inredning-mobler/barnrummet,https://mymall.se/inredning-mobler/barnrummet/hemsakerhet
Hörnskydd,79.0,https://mymall.se/inredning-mobler/barnrummet/hemsakerhet/hrnskydd-1103-601500,Inredning & Möbler,Barnrummet,Hemsäkerhet,https://mymall.se/inredning-mobler,https://mymall.se/inredning-mobler/barnrummet,https://mymall.se/inredning-mobler/barnrummet/hemsakerhet
Multilås,85.0,https://mymall.se/inredning-mobler/barnrummet/hemsakerhet/multils-1103-601800,Inredning & Möbler,Barnrummet,Hemsäkerhet,https://mymall.se/inredning-mobler,https://mymall.se/inredning-mobler/barnrummet,https://mymall.se/inredning-mobler/barnrummet/hemsakerhet
Dubbeldörrhasp,85.0,https://mymall.se/inredning-mobler/barnrummet/hemsakerhet/dubbeldrrhasp-1103-603500,Inredning & Möbler,Barnrummet,Hemsäkerhet,https://mymall.se/inredning-mobler,https://mymall.se/inredning-mobler/barnrummet,https://mymall.se/inredning-mobler/barnrummet/hemsakerhet
Förlängning M till FLEX  vit,299.0,https://mymall.se/inredning-mobler/barnrummet/hemsakerhet/frlngning-m-till-flex-vit-1103-67234-2400-12,Inredning & Möbler,Barnrummet,Hemsäkerhet,https://mymall.se/inredning-mobler,https://mymall.se/inredning-mobler/barnrummet,https://mymall.se/inredning-mobler/barnrummet/hemsakerhet
Förlängning L till FLEX  vit,449.0,https://mymall.se/inredning-mobler/barnrummet/hemsakerhet/frlngning-l-till-flex-vit-1103-67254-2400-12,Inredning & Möbler,Barnrummet,Hemsäkerhet,https://mymall.se/inredning-mobler,https://mymall.se/inredning-mobler/barnrummet,https://mymall.se/inredning-mobler/barnrummet/hemsakerhet
Förlängning L till FLEX  svart,449.0,https://mymall.se/inredning-mobler/barnrummet/hemsakerhet/frlngning-l-till-flex-svart-1103-67256-2600-12,Inredning & Möbler,Barnrummet,Hemsäkerhet,https://mymall.se/inredning-mobler,https://mymall.se/inredning-mobler/barnrummet,https://mymall.se/inredning-mobler/barnrummet/hemsakerhet
Väggfäste till FLEX M-XL  vit,259.0,https://mymall.se/inredning-mobler/barnrummet/hemsakerhet/vggfste-till-flex-m-xl-vit-1103-4854-2400-13,Inredning & Möbler,Barnrummet,Hemsäkerhet,https://mymall.se/inredning-mobler,https://mymall.se/inredning-mobler/barnrummet,https://mymall.se/inredning-mobler/barnrummet/hemsakerhet
Väggfäste till FLEX M-XL svart,259.0,https://mymall.se/inredning-mobler/barnrummet/hemsakerhet/vggfste-till-flex-m-xl-svart-1103-4856-2600-13,Inredning & Möbler,Barnrummet,Hemsäkerhet,https://mymall.se/inredning-mobler,https://mymall.se/inredning-mobler/barnrummet,https://mymall.se/inredning-mobler/barnrummet/hemsakerhet
Hörselskydd Grön,249.0,https://mymall.se/inredning-mobler/barnrummet/hemsakerhet/hrselskydd-grn-1103-605707,Inredning & Möbler,Barnrummet,Hemsäkerhet,https://mymall.se/inredning-mobler,https://mymall.se/inredning-mobler/barnrummet,https://mymall.se/inredning-mobler/barnrummet/hemsakerhet
Hörselskydd Camo,279.0,https://mymall.se/inredning-mobler/barnrummet/hemsakerhet/hrselskydd-camo-1103-605710,Inredning & Möbler,Barnrummet,Hemsäkerhet,https://mymall.se/inredning-mobler,https://mymall.se/inredning-mobler/barnrummet,https://mymall.se/inredning-mobler/barnrummet/hemsakerhet
Grind Guard Me  Vit,1149.0,https://mymall.se/inredning-mobler/barnrummet/hemsakerhet/grind-guard-me-vit-1103-60214-5400-12,Inredning & Möbler,Barnrummet,Hemsäkerhet,https://mymall.se/inredning-mobler,https://mymall.se/inredning-mobler/barnrummet,https://mymall.se/inredning-mobler/barnrummet/hemsakerhet
FLEX L 90-223 cm  vit,1249.0,https://mymall.se/inredning-mobler/barnrummet/hemsakerhet/flex-l-90-223-cm-vit-1103-56224-10400-10,Inredning & Möbler,Barnrummet,Hemsäkerhet,https://mymall.se/inredning-mobler,https://mymall.se/inredning-mobler/barnrummet,https://mymall.se/inredning-mobler/barnrummet/hemsakerhet
Förlängning M till FLEX  svart,299.0,https://mymall.se/inredning-mobler/barnrummet/hemsakerhet/frlngning-m-till-flex-svart-1103-67236-2600-12,Inredning & Möbler,Barnrummet,Hemsäkerhet,https://mymall.se/inredning-mobler,https://mymall.se/inredning-mobler/barnrummet,https://mymall.se/inredning-mobler/barnrummet/hemsakerhet
Kontaktskydd,79.0,https://mymall.se/inredning-mobler/barnrummet/hemsakerhet/kontaktskydd-1103-603000,Inredning & Möbler,Barnrummet,Hemsäkerhet,https://mymall.se/inredning-mobler,https://mymall.se/inredning-mobler/barnrummet,https://mymall.se/inredning-mobler/barnrummet/hemsakerhet
Hörselskydd Rosa,249.0,https://mymall.se/inredning-mobler/barnrummet/hemsakerhet/hrselskydd-rosa-1103-605705,Inredning & Möbler,Barnrummet,Hemsäkerhet,https://mymall.se/inredning-mobler,https://mymall.se/inredning-mobler/barnrummet,https://mymall.se/inredning-mobler/barnrummet/hemsakerhet
Måttstock Fjäril,135.0,https://mymall.se/inredning-mobler/barnrummet/inredning-mobler/mattstock-fjaril-5e70d01211683,Inredning & Möbler,Barnrummet,Inredningsdetaljer,https://mymall.se/inredning-mobler,https://mymall.se/inredning-mobler/barnrummet,https://mymall.se/inredning-mobler/barnrummet/inredning-mobler
Dream Buddies Valp med inbyggd nattlampa,299.0,https://mymall.se/inredning-mobler/barnrummet/inredning-mobler/dream-buddies-valp-62bb075a709e9,Inredning & Möbler,Barnrummet,Inredningsdetaljer,https://mymall.se/inredning-mobler,https://mymall.se/inredning-mobler/barnrummet,https://mymall.se/inredning-mobler/barnrummet/inredning-mobler
P2 Hörnhylla,249.0,https://mymall.se/inredning-mobler/barnrummet/inredning-mobler/p2-hornhylla-623f7f2444540,Inredning & Möbler,Barnrummet,Inredningsdetaljer,https://mymall.se/inredning-mobler,https://mymall.se/inredning-mobler/barnrummet,https://mymall.se/inredning-mobler/barnrummet/inredning-mobler
Ingrid Skål Liten - Beige,105.0,https://mymall.se/inredning-mobler/barnrummet/inredning-mobler/ingrid-skal-liten-624ec9a9c3d98,Inredning & Möbler,Barnrummet,Inredningsdetaljer,https://mymall.se/inredning-mobler,https://mymall.se/inredning-mobler/barnrummet,https://mymall.se/inredning-mobler/barnrummet/inredning-mobler
Ingrid Skål Mellan - Ljusgrön,139.0,https://mymall.se/catalog/product/view/id/1039906/s/ingrid-skal-mellan-ljusgron-624efa8c0517e/category/7642/,Inredning & Möbler,Barnrummet,Inredningsdetaljer,https://mymall.se/inredning-mobler,https://mymall.se/inredning-mobler/barnrummet,https://mymall.se/inredning-mobler/barnrummet/inredning-mobler
Ingrid Skål Stor - Beige,239.0,https://mymall.se/inredning-mobler/barnrummet/inredning-mobler/ingrid-skal-stor-beige-624efc1419092,Inredning & Möbler,Barnrummet,Inredningsdetaljer,https://mymall.se/inredning-mobler,https://mymall.se/inredning-mobler/barnrummet,https://mymall.se/inredning-mobler/barnrummet/inredning-mobler
TRÄKORT ALFONS,65.0,https://mymall.se/inredning-mobler/barnrummet/inredning-mobler/trkort-alfons-1147-435758,Inredning & Möbler,Barnrummet,Inredningsdetaljer,https://mymall.se/inredning-mobler,https://mymall.se/inredning-mobler/barnrummet,https://mymall.se/inredning-mobler/barnrummet/inredning-mobler
TRÄKORT VÄGEN GÅR TILL SKANSEN,65.0,https://mymall.se/inredning-mobler/barnrummet/inredning-mobler/trkort-vgen-gr-till-skansen-1147-503529,Inredning & Möbler,Barnrummet,Inredningsdetaljer,https://mymall.se/inredning-mobler,https://mymall.se/inredning-mobler/barnrummet,https://mymall.se/inredning-mobler/barnrummet/inredning-mobler
Rosa födelsedagsljus,35.0,https://mymall.se/catalog/product/view/id/385164/s/rosa-fdelsedagsljus-1188-1188-se3020471/category/7642/,Inredning & Möbler,Barnrummet,Inredningsdetaljer,https://mymall.se/inredning-mobler,https://mymall.se/inredning-mobler/barnrummet,https://mymall.se/inredning-mobler/barnrummet/inredning-mobler
Träbokstav med katt,19.0,https://mymall.se/catalog/product/view/id/385185/s/trbokstav-med-katt-1188-1188-se3020562/category/7642/,Inredning & Möbler,Barnrummet,Inredningsdetaljer,https://mymall.se/inredning-mobler,https://mymall.se/inredning-mobler/barnrummet,https://mymall.se/inredning-mobler/barnrummet/inredning-mobler
Flaxande drake med ryttare,199.0,https://mymall.se/catalog/product/view/id/385214/s/flaxande-drake-med-ryttare-1188-1188-se3020728/category/7642/,Inredning & Möbler,Barnrummet,Inredningsdetaljer,https://mymall.se/inredning-mobler,https://mymall.se/inredning-mobler/barnrummet,https://mymall.se/inredning-mobler/barnrummet/inredning-mobler
Bokstavsmagneter,219.0,https://mymall.se/catalog/product/view/id/385233/s/bokstavsmagneter-1188-1188-se3020838/category/7642/,Inredning & Möbler,Barnrummet,Inredningsdetaljer,https://mymall.se/inredning-mobler,https://mymall.se/inredning-mobler/barnrummet,https://mymall.se/inredning-mobler/barnrummet/inredning-mobler
Rislampa - Nattdjur,199.0,https://mymall.se/catalog/product/view/id/385240/s/rislampa-nattdjur-1188-1188-se3020851/category/7642/,Inredning & Möbler,Barnrummet,Inredningsdetaljer,https://mymall.se/inredning-mobler,https://mymall.se/inredning-mobler/barnrummet,https://mymall.se/inredning-mobler/barnrummet/inredning-mobler
Mobil - Hundar och hundkoja,99.0,https://mymall.se/catalog/product/view/id/385247/s/mobil-hundar-och-hundkoja-1188-1188-se302088/category/7642/,Inredning & Möbler,Barnrummet,Inredningsdetaljer,https://mymall.se/inredning-mobler,https://mymall.se/inredning-mobler/barnrummet,https://mymall.se/inredning-mobler/barnrummet/inredning-mobler
Bokstöd med tiger,85.0,https://mymall.se/catalog/product/view/id/385252/s/bokstd-med-tiger-1188-1188-se3020896/category/7642/,Inredning & Möbler,Barnrummet,Inredningsdetaljer,https://mymall.se/inredning-mobler,https://mymall.se/inredning-mobler/barnrummet,https://mymall.se/inredning-mobler/barnrummet/inredning-mobler
Magnetiska bokstäver och siffror,339.0,https://mymall.se/catalog/product/view/id/385257/s/magnetiska-bokstver-och-siffror-1188-1188-se3020934/category/7642/,Inredning & Möbler,Barnrummet,Inredningsdetaljer,https://mymall.se/inredning-mobler,https://mymall.se/inredning-mobler/barnrummet,https://mymall.se/inredning-mobler/barnrummet/inredning-mobler
Väggklocka - Ufo,119.0,https://mymall.se/catalog/product/view/id/385258/s/vggklocka-ufo-1188-1188-se3020937/category/7642/,Inredning & Möbler,Barnrummet,Inredningsdetaljer,https://mymall.se/inredning-mobler,https://mymall.se/inredning-mobler/barnrummet,https://mymall.se/inredning-mobler/barnrummet/inredning-mobler
Flaxande drake,199.0,https://mymall.se/catalog/product/view/id/385285/s/flaxande-drake-1188-1188-se3021174/category/7642/,Inredning & Möbler,Barnrummet,Inredningsdetaljer,https://mymall.se/inredning-mobler,https://mymall.se/inredning-mobler/barnrummet,https://mymall.se/inredning-mobler/barnrummet/inredning-mobler
Dekoration - Katter,95.0,https://mymall.se/catalog/product/view/id/385306/s/dekoration-katter-1188-1188-se3021472/category/7642/,Inredning & Möbler,Barnrummet,Inredningsdetaljer,https://mymall.se/inredning-mobler,https://mymall.se/inredning-mobler/barnrummet,https://mymall.se/inredning-mobler/barnrummet/inredning-mobler
Mobil - Ankor,139.0,https://mymall.se/catalog/product/view/id/385358/s/mobil-ankor-1188-1188-se3021743/category/7642/,Inredning & Möbler,Barnrummet,Inredningsdetaljer,https://mymall.se/inredning-mobler,https://mymall.se/inredning-mobler/barnrummet,https://mymall.se/inredning-mobler/barnrummet/inredning-mobler
Mobil - Val,99.0,https://mymall.se/catalog/product/view/id/385381/s/mobil-val-1188-1188-se3021818/category/7642/,Inredning & Möbler,Barnrummet,Inredningsdetaljer,https://mymall.se/inredning-mobler,https://mymall.se/inredning-mobler/barnrummet,https://mymall.se/inredning-mobler/barnrummet/inredning-mobler
Bokstavsmagneter,219.0,https://mymall.se/catalog/product/view/id/385398/s/bokstavsmagneter-1188-1188-se3021871/category/7642/,Inredning & Möbler,Barnrummet,Inredningsdetaljer,https://mymall.se/inredning-mobler,https://mymall.se/inredning-mobler/barnrummet,https://mymall.se/inredning-mobler/barnrummet/inredning-mobler
Bokstavsmagneter på tavla,159.0,https://mymall.se/catalog/product/view/id/385409/s/bokstavsmagneter-p-tavla-1188-1188-se3021989/category/7642/,Inredning & Möbler,Barnrummet,Inredningsdetaljer,https://mymall.se/inredning-mobler,https://mymall.se/inredning-mobler/barnrummet,https://mymall.se/inredning-mobler/barnrummet/inredning-mobler
Dekoration - Drakar,95.0,https://mymall.se/catalog/product/view/id/385413/s/dekoration-drakar-1188-1188-se3022048/category/7642/,Inredning & Möbler,Barnrummet,Inredningsdetaljer,https://mymall.se/inredning-mobler,https://mymall.se/inredning-mobler/barnrummet,https://mymall.se/inredning-mobler/barnrummet/inredning-mobler
Smyckeskrin - Kanin,239.0,https://mymall.se/catalog/product/view/id/385416/s/smyckeskrin-kanin-1188-1188-se3022058/category/7642/,Inredning & Möbler,Barnrummet,Inredningsdetaljer,https://mymall.se/inredning-mobler,https://mymall.se/inredning-mobler/barnrummet,https://mymall.se/inredning-mobler/barnrummet/inredning-mobler
Sparbössa - Krona,99.0,https://mymall.se/catalog/product/view/id/385445/s/sparbssa-krona-1188-1188-se3022212/category/7642/,Inredning & Möbler,Barnrummet,Inredningsdetaljer,https://mymall.se/inredning-mobler,https://mymall.se/inredning-mobler/barnrummet,https://mymall.se/inredning-mobler/barnrummet/inredning-mobler
Griffeltavla - Uggla,189.0,https://mymall.se/catalog/product/view/id/385451/s/griffeltavla-uggla-1188-1188-se3022229/category/7642/,Inredning & Möbler,Barnrummet,Inredningsdetaljer,https://mymall.se/inredning-mobler,https://mymall.se/inredning-mobler/barnrummet,https://mymall.se/inredning-mobler/barnrummet/inredning-mobler
Filt med ärmar,139.0,https://mymall.se/catalog/product/view/id/385468/s/filt-med-rmar-1188-1188-se3022287/category/7642/,Inredning & Möbler,Barnrummet,Inredningsdetaljer,https://mymall.se/inredning-mobler,https://mymall.se/inredning-mobler/barnrummet,https://mymall.se/inredning-mobler/barnrummet/inredning-mobler
Mobil - Ufo,169.0,https://mymall.se/catalog/product/view/id/385471/s/mobil-ufo-1188-1188-se3022303/category/7642/,Inredning & Möbler,Barnrummet,Inredningsdetaljer,https://mymall.se/inredning-mobler,https://mymall.se/inredning-mobler/barnrummet,https://mymall.se/inredning-mobler/barnrummet/inredning-mobler
Mobil - Elefanter,179.0,https://mymall.se/catalog/product/view/id/385472/s/mobil-elefanter-1188-1188-se3022304/category/7642/,Inredning & Möbler,Barnrummet,Inredningsdetaljer,https://mymall.se/inredning-mobler,https://mymall.se/inredning-mobler/barnrummet,https://mymall.se/inredning-mobler/barnrummet/inredning-mobler
Mobil - Bilar,299.0,https://mymall.se/catalog/product/view/id/385479/s/mobil-bilar-1188-1188-se3022330/category/7642/,Inredning & Möbler,Barnrummet,Inredningsdetaljer,https://mymall.se/inredning-mobler,https://mymall.se/inredning-mobler/barnrummet,https://mymall.se/inredning-mobler/barnrummet/inredning-mobler
Mobil - Vilda djur,149.0,https://mymall.se/catalog/product/view/id/385481/s/mobil-vilda-djur-1188-1188-se3022336/category/7642/,Inredning & Möbler,Barnrummet,Inredningsdetaljer,https://mymall.se/inredning-mobler,https://mymall.se/inredning-mobler/barnrummet,https://mymall.se/inredning-mobler/barnrummet/inredning-mobler
Mobil - Får,159.0,https://mymall.se/catalog/product/view/id/385482/s/mobil-fr-1188-1188-se3022337/category/7642/,Inredning & Möbler,Barnrummet,Inredningsdetaljer,https://mymall.se/inredning-mobler,https://mymall.se/inredning-mobler/barnrummet,https://mymall.se/inredning-mobler/barnrummet/inredning-mobler
Ask för mjölktänder - Elefant,35.0,https://mymall.se/catalog/product/view/id/385507/s/ask-fr-mjlktnder-elefant-1188-1188-se3022439/category/7642/,Inredning & Möbler,Barnrummet,Inredningsdetaljer,https://mymall.se/inredning-mobler,https://mymall.se/inredning-mobler/barnrummet,https://mymall.se/inredning-mobler/barnrummet/inredning-mobler
Parasoll,299.0,https://mymall.se/catalog/product/view/id/385513/s/parasoll-1188-1188-se3022466/category/7642/,Inredning & Möbler,Barnrummet,Inredningsdetaljer,https://mymall.se/inredning-mobler,https://mymall.se/inredning-mobler/barnrummet,https://mymall.se/inredning-mobler/barnrummet/inredning-mobler
Dekoration - Elefanter på snöre,59.0,https://mymall.se/catalog/product/view/id/385529/s/dekoration-elefanter-p-snre-1188-1188-se3022563/category/7642/,Inredning & Möbler,Barnrummet,Inredningsdetaljer,https://mymall.se/inredning-mobler,https://mymall.se/inredning-mobler/barnrummet,https://mymall.se/inredning-mobler/barnrummet/inredning-mobler
Sparbössa - Flugsvamp,99.0,https://mymall.se/catalog/product/view/id/385560/s/sparbssa-flugsvamp-1188-1188-se3022718/category/7642/,Inredning & Möbler,Barnrummet,Inredningsdetaljer,https://mymall.se/inredning-mobler,https://mymall.se/inredning-mobler/barnrummet,https://mymall.se/inredning-mobler/barnrummet/inredning-mobler
Dubbelram - Foto och lera,199.0,https://mymall.se/catalog/product/view/id/385637/s/dubbelram-foto-och-lera-1188-1188-se3022925/category/7642/,Inredning & Möbler,Barnrummet,Inredningsdetaljer,https://mymall.se/inredning-mobler,https://mymall.se/inredning-mobler/barnrummet,https://mymall.se/inredning-mobler/barnrummet/inredning-mobler
Badrumsmatta - Lama,249.0,https://mymall.se/catalog/product/view/id/441029/s/badrumsmatta-lama-1188-1188-se30243035/category/7642/,Inredning & Möbler,Barnrummet,Inredningsdetaljer,https://mymall.se/inredning-mobler,https://mymall.se/inredning-mobler/barnrummet,https://mymall.se/inredning-mobler/barnrummet/inredning-mobler
Badrumsmatta - Tvättbjörn,249.0,https://mymall.se/catalog/product/view/id/441030/s/badrumsmatta-tvttbjrn-1188-1188-se30243036/category/7642/,Inredning & Möbler,Barnrummet,Inredningsdetaljer,https://mymall.se/inredning-mobler,https://mymall.se/inredning-mobler/barnrummet,https://mymall.se/inredning-mobler/barnrummet/inredning-mobler
Speldosa - Pingviner,229.0,https://mymall.se/catalog/product/view/id/444159/s/speldosa-pingviner-1188-1188-se3022312/category/7642/,Inredning & Möbler,Barnrummet,Inredningsdetaljer,https://mymall.se/inredning-mobler,https://mymall.se/inredning-mobler/barnrummet,https://mymall.se/inredning-mobler/barnrummet/inredning-mobler
"Värmeljus, LED",15.0,https://mymall.se/catalog/product/view/id/444166/s/vrmeljus-led-1188-1188-se3024157/category/7642/,Inredning & Möbler,Barnrummet,Inredningsdetaljer,https://mymall.se/inredning-mobler,https://mymall.se/inredning-mobler/barnrummet,https://mymall.se/inredning-mobler/barnrummet/inredning-mobler
Lera för avtryck,69.0,https://mymall.se/catalog/product/view/id/444204/s/lera-fr-avtryck-1188-1188-se30243149/category/7642/,Inredning & Möbler,Barnrummet,Inredningsdetaljer,https://mymall.se/inredning-mobler,https://mymall.se/inredning-mobler/barnrummet,https://mymall.se/inredning-mobler/barnrummet/inredning-mobler
Kudde - Pekka Drake och kycklingarna,495.0,https://mymall.se/catalog/product/view/id/444211/s/kudde-pekka-drake-och-kycklingarna-1188-1188-se30243156/category/7642/,Inredning & Möbler,Barnrummet,Inredningsdetaljer,https://mymall.se/inredning-mobler,https://mymall.se/inredning-mobler/barnrummet,https://mymall.se/inredning-mobler/barnrummet/inredning-mobler
Kudde - Durå!,495.0,https://mymall.se/catalog/product/view/id/444212/s/kudde-dur-1188-1188-se30243157/category/7642/,Inredning & Möbler,Barnrummet,Inredningsdetaljer,https://mymall.se/inredning-mobler,https://mymall.se/inredning-mobler/barnrummet,https://mymall.se/inredning-mobler/barnrummet/inredning-mobler
Badrumsmatta - Vildängel,249.0,https://mymall.se/catalog/product/view/id/446301/s/badrumsmatta-vildngel-1188-1188-se30243125/category/7642/,Inredning & Möbler,Barnrummet,Inredningsdetaljer,https://mymall.se/inredning-mobler,https://mymall.se/inredning-mobler/barnrummet,https://mymall.se/inredning-mobler/barnrummet/inredning-mobler
Dekoration - Stjärnor,95.0,https://mymall.se/catalog/product/view/id/446306/s/dekoration-stjrnor-1188-1188-se30243199/category/7642/,Inredning & Möbler,Barnrummet,Inredningsdetaljer,https://mymall.se/inredning-mobler,https://mymall.se/inredning-mobler/barnrummet,https://mymall.se/inredning-mobler/barnrummet/inredning-mobler
Smyckeskrin - Ballerina,229.0,https://mymall.se/catalog/product/view/id/417509/s/smyckeskrin-ballerina-1188-1188-se3022231/category/7642/,Inredning & Möbler,Barnrummet,Inredningsdetaljer,https://mymall.se/inredning-mobler,https://mymall.se/inredning-mobler/barnrummet,https://mymall.se/inredning-mobler/barnrummet/inredning-mobler
Väggklistermärken - Enhörningar,69.0,https://mymall.se/catalog/product/view/id/385698/s/vggklistermrken-enhrningar-1188-1188-se3023125/category/7642/,Inredning & Möbler,Barnrummet,Inredningsdetaljer,https://mymall.se/inredning-mobler,https://mymall.se/inredning-mobler/barnrummet,https://mymall.se/inredning-mobler/barnrummet/inredning-mobler
Hylla med porslinslådor,299.0,https://mymall.se/catalog/product/view/id/385805/s/hylla-med-porslinsldor-1188-1188-se3023313/category/7642/,Inredning & Möbler,Barnrummet,Inredningsdetaljer,https://mymall.se/inredning-mobler,https://mymall.se/inredning-mobler/barnrummet,https://mymall.se/inredning-mobler/barnrummet/inredning-mobler
